<?xml version="1.0" encoding="UTF-8" standalone="yes"?>
<manifest>
  <control namespace="DynamicGroupGrid.PCF" constructor="DynamicGroupGrid" version="1.0.0" display-name-key="Dynamic Group Grid" description-key="Advanced grouped data grid with pagination and dynamic grouping" control-type="standard" api-version="1.3.18">
    <external-service-usage enabled="false"/>
    <data-set name="sampleDataSet" display-name-key="Dataset_Display_Key" cds-data-set-options="displayCommandBar:true;displayViewSelector:true;displayQuickFind:true">
      <property-set name="samplePropertySet" display-name-key="Property_Display_Key" description-key="Property_Desc_Key" of-type="SingleLine.Text" usage="bound" required="false"/>
    </data-set>
    <property name="selectedRecordId" display-name-key="SelectedRecord" of-type="SingleLine.Text" usage="output"/>
    <property name="selectedRecordIds" display-name-key="SelectedRecords" of-type="SingleLine.Text" usage="output"/>
    <property name="rowEvent" display-name-key="RowEvent" of-type="SingleLine.Text" usage="output"/>
    <property name="pageSize" display-name-key="PageSize" description-key="Number of records per page" of-type="Whole.None" usage="input" default-value="25"/>
    <property name="enablePagination" display-name-key="EnablePagination" description-key="Enable pagination for large datasets" of-type="TwoOptions" usage="input" default-value="true"/>
    <resources>
      <code path="bundle.js" order="1"/>
      <css path="css/DynamicGroupGrid.css" order="2"/>
    </resources>
    <feature-usage>
      <uses-feature name="WebAPI" required="true"/>
      <uses-feature name="Utility" required="true"/>
    </feature-usage>
    <built-by name="pac" version="1.48.2"/>
  </control>
</manifest>