﻿<?xml version="1.0" encoding="utf-8"?>
<ImportExportXml xmlns:xsi="http://www.w3.org/2001/XMLSchema-instance">
  <Entities />
  <Roles />
  <Workflows />
  <FieldSecurityProfiles />
  <Templates />
  <EntityMaps />
  <EntityRelationships />
  <OrganizationSettings />
  <optionsets />
  <CustomControls>
    <CustomControl>
      <Name>vz_DynamicGroupGrid.DynamicGroupGrid</Name>
      <Version>1.0.0.0</Version>
      <CompatibleDataTypes>
        <DataType>DataSet</DataType>
      </CompatibleDataTypes>
      <FileName>/Controls/vz_DynamicGroupGrid.DynamicGroupGrid/ControlManifest.xml</FileName>
      <IntroducedVersion>1.0.0.0</IntroducedVersion>
      <ForceUpdate>true</ForceUpdate>
    </CustomControl>
  </CustomControls>
  <SolutionPluginAssemblies />
  <EntityDataProviders />
  <Languages>
    <Language>1033</Language>
  </Languages>
</ImportExportXml>
<?xml version="1.0" encoding="utf-8"?>
<ImportExportXml xmlns:xsi="http://www.w3.org/2001/XMLSchema-instance">
  <Entities />
  <Roles />
  <Workflows />
  <FieldSecurityProfiles />
  <Templates />
  <EntityMaps />
  <EntityRelationships />
  <OrganizationSettings />
  <optionsets />
  <CustomControls>
    <CustomControl>
      <Name>vz_DynamicGroupGrid.DynamicGroupGrid</Name>
      <Version>1.0.0.0</Version>
      <CompatibleDataTypes>
        <DataType>DataSet</DataType>
      </CompatibleDataTypes>
      <FileName>/Controls/vz_DynamicGroupGrid.DynamicGroupGrid/ControlManifest.xml</FileName>
      <IntroducedVersion>1.0.0.0</IntroducedVersion>
    </CustomControl>
  </CustomControls>
  <SolutionPluginAssemblies />
  <EntityDataProviders />
  <Languages>
    <Language>1033</Language>
  </Languages>
</ImportExportXml>