﻿<?xml version="1.0" encoding="utf-8"?>
<ImportExportXml version="9.1.0.643" SolutionPackageVersion="9.1" languagecode="1033" generatedBy="CrmLive" xmlns:xsi="http://www.w3.org/2001/XMLSchema-instance">
  <SolutionManifest>
    <UniqueName>DynamicGroupGrid</UniqueName>
    <LocalizedNames>
      <LocalizedName description="DynamicGroupGrid" languagecode="1033" />
    </LocalizedNames>
    <Descriptions />
    <Version>1.0.0</Version>
    <Managed>0</Managed>
    <Publisher>
      <UniqueName>DefaultPublisherVerizon</UniqueName>
      <LocalizedNames>
        <LocalizedName description="DefaultPublisherVerizon" languagecode="1033" />
      </LocalizedNames>
      <Descriptions>
        <Description description="Default publisher for Verizon PCF controls" languagecode="1033" />
      </Descriptions>
      <EMailAddress>admin@verizon.com</EMailAddress>
      <SupportingWebsiteUrl>https://www.verizon.com</SupportingWebsiteUrl>
      <CustomizationPrefix>vz</CustomizationPrefix>
      <CustomizationOptionValuePrefix>10000</CustomizationOptionValuePrefix>
      <Addresses>
        <Address>
          <AddressNumber>1</AddressNumber>
          <AddressTypeCode>1</AddressTypeCode>
          <City xsi:nil="true" />
          <County xsi:nil="true" />
          <Country xsi:nil="true" />
          <Fax xsi:nil="true" />
          <FreightTermsCode xsi:nil="true" />
          <ImportSequenceNumber xsi:nil="true" />
          <Latitude xsi:nil="true" />
          <Line1 xsi:nil="true" />
          <Line2 xsi:nil="true" />
          <Line3 xsi:nil="true" />
          <Longitude xsi:nil="true" />
          <Name xsi:nil="true" />
          <PostalCode xsi:nil="true" />
          <PostOfficeBox xsi:nil="true" />
          <PrimaryContactName xsi:nil="true" />
          <ShippingMethodCode>1</ShippingMethodCode>
          <StateOrProvince xsi:nil="true" />
          <Telephone1 xsi:nil="true" />
          <Telephone2 xsi:nil="true" />
          <Telephone3 xsi:nil="true" />
          <TimeZoneRuleVersionNumber xsi:nil="true" />
          <UPSZone xsi:nil="true" />
          <UTCOffset xsi:nil="true" />
          <UTCConversionTimeZoneCode xsi:nil="true" />
        </Address>
      </Addresses>
    </Publisher>
    <RootComponents>
    </RootComponents>
    <MissingDependencies />
  </SolutionManifest>
</ImportExportXml>
<?xml version="1.0" encoding="utf-8"?>
<ImportExportXml version="9.1.0.643" SolutionPackageVersion="9.1" languagecode="1033" generatedBy="CrmLive" xmlns:xsi="http://www.w3.org/2001/XMLSchema-instance">
  <SolutionManifest>
    <UniqueName>DynamicGroupGrid</UniqueName>
    <LocalizedNames>
      <LocalizedName description="DynamicGroupGrid" languagecode="1033" />
    </LocalizedNames>
    <Descriptions />
    <Version>1.0.0</Version>
    <Managed>0</Managed>
    <Publisher>
      <UniqueName>DefaultPublisherVerizon</UniqueName>
      <LocalizedNames>
        <LocalizedName description="DefaultPublisherVerizon" languagecode="1033" />
      </LocalizedNames>
      <Descriptions>
        <Description description="Default publisher for Verizon PCF controls" languagecode="1033" />
      </Descriptions>
      <EMailAddress>admin@verizon.com</EMailAddress>
      <SupportingWebsiteUrl>https://www.verizon.com</SupportingWebsiteUrl>
      <CustomizationPrefix>vz</CustomizationPrefix>
      <CustomizationOptionValuePrefix>10000</CustomizationOptionValuePrefix>
      <Addresses>
        <Address>
          <AddressNumber>1</AddressNumber>
          <AddressTypeCode>1</AddressTypeCode>
          <City xsi:nil="true" />
          <County xsi:nil="true" />
          <Country xsi:nil="true" />
          <Fax xsi:nil="true" />
          <FreightTermsCode xsi:nil="true" />
          <ImportSequenceNumber xsi:nil="true" />
          <Latitude xsi:nil="true" />
          <Line1 xsi:nil="true" />
          <Line2 xsi:nil="true" />
          <Line3 xsi:nil="true" />
          <Longitude xsi:nil="true" />
          <Name xsi:nil="true" />
          <PostalCode xsi:nil="true" />
          <PostOfficeBox xsi:nil="true" />
          <PrimaryContactName xsi:nil="true" />
          <ShippingMethodCode>1</ShippingMethodCode>
          <StateOrProvince xsi:nil="true" />
          <Telephone1 xsi:nil="true" />
          <Telephone2 xsi:nil="true" />
          <Telephone3 xsi:nil="true" />
          <TimeZoneRuleVersionNumber xsi:nil="true" />
          <UPSZone xsi:nil="true" />
          <UTCOffset xsi:nil="true" />
          <UTCConversionTimeZoneCode xsi:nil="true" />
        </Address>
      </Addresses>
    </Publisher>
    <RootComponents>
    </RootComponents>
    <MissingDependencies />
  </SolutionManifest>
</ImportExportXml>